{"query": "nrows alternative for read_sql_table", "Precision": 0.5218253968253969, "Recall": 1.0, "F1": 0.6857887874837029}