{"query": "Laravel eager loading - one to many relation", "Precision": 0.034722222222222224, "Recall": 1.0, "F1": 0.06711409395973154}