{"query": "python labelling new data points in a histogram", "Precision": 0.052570093457943924, "Recall": 1.0, "F1": 0.09988901220865705}