{"query": "python labelling new data points in a histogram", "Precision": 0.002336448598130841, "Recall": 1.0, "F1": 0.004662004662004662}